<?xml version="1.0" encoding="UTF-8"?>
<project-private xmlns="http://www.netbeans.org/ns/project-private/1">
    <editor-bookmarks xmlns="http://www.netbeans.org/ns/editor-bookmarks/2" lastBookmarkId="0"/>
    <open-files xmlns="http://www.netbeans.org/ns/projectui-open-files/2">
        <group>
            <file>file:/C:/Users/juan/Documents/NetBeansProjects/Veterinaria2/web/scriptFarmacia.js</file>
            <file>file:/C:/Users/juan/Documents/NetBeansProjects/Veterinaria2/web/principal.jsp</file>
            <file>file:/C:/Users/juan/Documents/NetBeansProjects/Veterinaria2/src/java/Cliente/RegistrarMedicamento.java</file>
            <file>file:/C:/Users/juan/Documents/NetBeansProjects/Veterinaria2/src/java/Cliente/ConsultarProducto.java</file>
            <file>file:/C:/Users/juan/Documents/NetBeansProjects/Veterinaria2/src/java/Cliente/RegistrarProducto.java</file>
        </group>
    </open-files>
</project-private>
